company_name,company_page,job_link
"Perception Neuroscience, Inc.",https://www.linkedin.com/company/perception-neurosciences/jobs/,
"Perception Neuroscience, Inc.",https://www.linkedin.com/company/perception-neurosciences/jobs/,
Solera Health,https://www.linkedin.com/company/solera-health/jobs/,https://www.linkedin.com/jobs/search/?f_C=6640471&geoId=92000000&origin=COMPANY_PAGE_JOBS_CLUSTER_EXPANSION&originToLandingJobPostings=3971570718%2C3973575366
Benuvia Manufacturing,https://www.linkedin.com/company/benuvia-operations-llc/jobs/,
Nova Discovery,https://www.linkedin.com/company/novadiscovery//jobs/,
"Ocuphire Pharma, Inc.",https://www.linkedin.com/company/ocuphire-pharma/jobs/,
Validant,https://www.linkedin.com/company/validant/jobs/,
EnClear Therapies,https://www.linkedin.com/company/enclear-therapies/jobs/,
Hansoh Pharma,https://www.linkedin.com/company/jiangsu-hansoh-pharmaceutical-co-ltd-/jobs/,https://www.linkedin.com/jobs/search/?f_C=8195786&geoId=92000000&origin=COMPANY_PAGE_JOBS_CLUSTER_EXPANSION&originToLandingJobPostings=3970188635%2C3970196235
Altasciences,https://www.linkedin.com/company/altasciences/jobs/,
Cartography Biosciences,https://www.linkedin.com/company/cartographybio/jobs/,https://www.linkedin.com/jobs/search/?f_C=76482627&geoId=92000000&origin=COMPANY_PAGE_JOBS_CLUSTER_EXPANSION&originToLandingJobPostings=3959582206%2C3971555047%2C3977066832%2C3956061067%2C3973379009
Menlo Ventures,https://www.linkedin.com/company/menlo-ventures/jobs/,https://www.linkedin.com/jobs/search/?f_C=39208&geoId=92000000&origin=COMPANY_PAGE_JOBS_CLUSTER_EXPANSION&originToLandingJobPostings=3928435903%2C3822624167%2C3881990084%2C3921680768%2C3921683412
"Mustang Bio, Inc.",https://www.linkedin.com/company/mustangbio/jobs/,
Calico Life Sciences LLC,https://www.linkedin.com/company/calico-life-sciences-llc/jobs/,https://www.linkedin.com/jobs/search/?f_C=4831059&geoId=92000000&origin=COMPANY_PAGE_JOBS_CLUSTER_EXPANSION&originToLandingJobPostings=3948451148%2C3941845028%2C3938866178%2C3958821548%2C3867598303%2C3326210258%2C3953033382%2C3955130897%2C3822171175
Northpond Ventures,https://www.linkedin.com/company/northpond-ventures/jobs/,
Unlearn,https://www.linkedin.com/company/unlearn-ai/jobs/,https://www.linkedin.com/jobs/search/?f_C=18226125&geoId=92000000&origin=COMPANY_PAGE_JOBS_CLUSTER_EXPANSION&originToLandingJobPostings=3970521459%2C3953823333%2C3960923074%2C3960917653%2C3960919513%2C3960918519%2C3960919474
Datacubed Health,https://www.linkedin.com/company/datacubedhealth/jobs/,
Archean Biologics,,
Alveo Technologies,https://www.linkedin.com/company/alveo-technologies/jobs/,https://www.linkedin.com/jobs/search/?f_C=6614633&geoId=92000000&origin=COMPANY_PAGE_JOBS_CLUSTER_EXPANSION&originToLandingJobPostings=3921679300
Sutter Health,https://www.linkedin.com/company/sutter-health/jobs/,https://www.linkedin.com/jobs/search/?f_C=166209&geoId=92000000&origin=COMPANY_PAGE_JOBS_CLUSTER_EXPANSION&originToLandingJobPostings=3976154542%2C3972609078%2C3960245742%2C3955638631%2C3976152830%2C3973661864%2C3914561278%2C3973665152%2C3976153834
Addition Therapeutics,https://www.linkedin.com/company/addition-therapeutics/jobs/,https://www.linkedin.com/jobs/search/?f_C=95311953&geoId=92000000&origin=COMPANY_PAGE_JOBS_CLUSTER_EXPANSION&originToLandingJobPostings=3966683952
"Outcome Health (previously ContextMedia, Inc.)",https://www.linkedin.com/company/outcomehealth/jobs/,
"Connect Biopharm, LLC",https://www.linkedin.com/company/connect-biopharmaceuticals-ltd/jobs/,
Intergalactic Therapeutics,https://www.linkedin.com/company/intergalactic-therapeutics/jobs/,
"Verve Therapeutics, Inc.",https://www.linkedin.com/company/verve-therapeutics-inc/jobs/,https://www.linkedin.com/jobs/search/?f_C=35673055&geoId=92000000&origin=COMPANY_PAGE_JOBS_CLUSTER_EXPANSION&originToLandingJobPostings=3857853584%2C3933977615%2C3952843539%2C3849742583%2C3971853109%2C3974340513%2C3914807293%2C3956308597%2C3849741843
BlueWhale Bio,https://www.linkedin.com/company/bluewhale-bio/jobs/,
Nuvectis Pharma,https://www.linkedin.com/company/nuvectis-pharma-inc/jobs/,
"Treeline Biosciences, Inc.",https://www.linkedin.com/company/treeline-biosciences/jobs/,https://www.linkedin.com/jobs/search/?f_C=72413972&geoId=92000000&origin=COMPANY_PAGE_JOBS_CLUSTER_EXPANSION&originToLandingJobPostings=3965987231%2C3935375834%2C3943859634%2C3930920062%2C3960665347
Dispatch Biotherapeutics,,
Abdera Therapeutics,https://www.linkedin.com/company/abdera-therapeutics/jobs/,https://www.linkedin.com/jobs/search/?f_C=71322119&geoId=92000000&origin=COMPANY_PAGE_JOBS_CLUSTER_EXPANSION&originToLandingJobPostings=3943623740%2C3936003416%2C3936006167%2C3936001513%2C3936002535
Asteroid Therapeutics,https://www.linkedin.com/company/asteroid-therapeutics-inc/jobs/,
Gurnet Point Capital,https://www.linkedin.com/company/gurnet-point-capital/jobs/,
Dovetail Genomics,https://www.linkedin.com/company/dovetail-genomics-llc/jobs/,
Carma Cell Therapies,https://uk.linkedin.com/company/carma-cellular-agriculture-manufacturing-hub/jobs/,
"UroGen Pharma, Inc.",https://www.linkedin.com/company/urogenpharma/jobs/,
Pharmacosmos Therapeutics,https://www.linkedin.com/company/pharmacosmos-therapeutics-inc/jobs/,https://www.linkedin.com/jobs/search/?f_C=52136353&geoId=92000000&origin=COMPANY_PAGE_JOBS_CLUSTER_EXPANSION&originToLandingJobPostings=3935005364%2C3952992902%2C3946906450%2C3969218862%2C3971872396
"NeuroTrauma Sciences, LLC",https://www.linkedin.com/company/neurotrauma-sciences-llc/jobs/,
Protara Therapeutics,https://www.linkedin.com/company/protara-therapeutics/jobs/,
Tetra Discovery Partners,https://www.linkedin.com/company/tetra-discovery-partners-llc/jobs/,
enGene,https://www.linkedin.com/company/engene/jobs/,
Cresso Health Opco LLC,https://www.linkedin.com/company/cresshealth/jobs/,
Stallergenes,https://www.linkedin.com/company/stallergenes-greer-u-s/jobs/,
Atrium Health (prev. Carolinas HealthCare System),https://www.linkedin.com/company/atrium-health-us/jobs/,https://www.linkedin.com/jobs/search/?f_C=11427938%2C12904&geoId=92000000&origin=COMPANY_PAGE_JOBS_CLUSTER_EXPANSION&originToLandingJobPostings=3975653349%2C3975655085%2C3975651636%2C3938161132%2C3961304549%2C3968586307%2C3968587120%2C3971687771%2C3941598915
Prime Medicine,https://www.linkedin.com/company/prime-medicine/jobs/,https://www.linkedin.com/jobs/search/?f_C=67223071&geoId=92000000&origin=COMPANY_PAGE_JOBS_CLUSTER_EXPANSION&originToLandingJobPostings=3948876383%2C3972577384%2C3948107360%2C3948106567%2C3945138768%2C3945140566
AIS Healthcare,https://www.linkedin.com/company/advanced-infusion-solutions/jobs/,https://www.linkedin.com/jobs/search/?f_C=1810252&geoId=92000000&origin=COMPANY_PAGE_JOBS_CLUSTER_EXPANSION&originToLandingJobPostings=3971870337%2C3954412268%2C3958124356%2C3973192864%2C3951532573%2C3954909100%2C3973194603%2C3962205616%2C3934200909
Stablix (Stealth),https://www.linkedin.com/company/stablix/jobs/,
Judo Bio,https://www.linkedin.com/company/judobio/jobs/,
Epi Biologics,https://www.linkedin.com/company/epibiologics-inc/jobs/,https://www.linkedin.com/jobs/search/?f_C=90619041&geoId=92000000&origin=COMPANY_PAGE_JOBS_CLUSTER_EXPANSION&originToLandingJobPostings=3967194558
Minderoo,https://au.linkedin.com/company/minderoo/jobs/,
Arialys Therapeutics,https://www.linkedin.com/company/arialys-therapeutics-inc/jobs/,
hc1.com,https://www.linkedin.com/company/hc1/jobs/,
Capstone Development Services,https://www.linkedin.com/company/capstone-development-services-co-llc/jobs/,
Ultragenyx,https://www.linkedin.com/company/ultragenyx/jobs/,https://www.linkedin.com/jobs/search/?f_C=1218233&geoId=92000000&origin=COMPANY_PAGE_JOBS_CLUSTER_EXPANSION&originToLandingJobPostings=3954899384%2C3974665725%2C3938864499%2C3970874634%2C3899547971%2C3937868402%2C3831853124%2C3833817328%2C3863627332
Bioxcel Corporation,https://www.linkedin.com/company/bioxcel-corporation/jobs/,
Immune Pharmaceuticals,https://www.linkedin.com/company/immune-pharmaceuticals-ltd-/jobs/,
IPM.ai (a Swoop.com & Real Chemistry company),,
"Taiho Oncology, Inc.",https://www.linkedin.com/company/taiho-oncology-inc/jobs/,https://www.linkedin.com/jobs/search/?f_C=15296716&geoId=92000000&origin=COMPANY_PAGE_JOBS_CLUSTER_EXPANSION&originToLandingJobPostings=3964671581%2C3964673430%2C3953277374%2C3972700564%2C3945923790%2C3961550962%2C3945927170%2C3921563259%2C3961729794
"HealthMap Solutions, Inc.",https://www.linkedin.com/company/healthmap-solutions/jobs/,https://www.linkedin.com/jobs/search/?f_C=10442082&geoId=92000000&origin=COMPANY_PAGE_JOBS_CLUSTER_EXPANSION&originToLandingJobPostings=3973750829%2C3969354276%2C3893692611%2C3961235201%2C3889685990%2C3969281598%2C3963470102%2C3963463925%2C3967971152
Moment Bio,https://www.linkedin.com/company/moment-inc-/jobs/,
"Cureatr, Inc.",https://www.linkedin.com/company/cureatr/jobs/,
Manifold Biotechnologies,https://www.linkedin.com/company/manifold-bio/jobs/,
Baylor Genetics,https://www.linkedin.com/company/baylorgenetics/jobs/,https://www.linkedin.com/jobs/search/?f_C=10419969&geoId=92000000&origin=COMPANY_PAGE_JOBS_CLUSTER_EXPANSION&originToLandingJobPostings=3972254834%2C3962837817%2C3972249170%2C3915770537%2C3927268661%2C3945056676%2C3915770487%2C3963354056%2C3960772972
Respira Therapeutics,https://www.linkedin.com/company/respira-therapeutics/jobs/,
Xellia Pharmaceuticals,https://www.linkedin.com/company/xellia-pharmaceuticals/jobs/,https://www.linkedin.com/jobs/search/?f_C=1181570&geoId=92000000&origin=COMPANY_PAGE_JOBS_CLUSTER_EXPANSION&originToLandingJobPostings=3959509048%2C3958206519%2C3976165467
Odonate Therapeutics,,
Exonics Therapeutics,https://www.linkedin.com/company/exo-therapeutics/jobs/,
Neuroelectrics,https://www.linkedin.com/company/neuroelectrics-barcelona-s-l-/jobs/,https://www.linkedin.com/jobs/search/?f_C=2520688&geoId=92000000&origin=COMPANY_PAGE_JOBS_CLUSTER_EXPANSION&originToLandingJobPostings=3834275427%2C3834272819%2C3967141237%2C3959507798%2C3848923198
Arena Bioworks,https://www.linkedin.com/company/arena-bioworks/jobs/,https://www.linkedin.com/jobs/search/?f_C=101483955&geoId=92000000&origin=COMPANY_PAGE_JOBS_CLUSTER_EXPANSION&originToLandingJobPostings=3965916463%2C3958006351%2C3958966309%2C3958007372%2C3958009123%2C3975412192%2C3958007597%2C3965919062%2C3967692689
Peloton Therapeutics,https://www.linkedin.com/company/peloton-interactive-/jobs/,https://www.linkedin.com/jobs/search/?f_C=2658876&geoId=92000000&origin=COMPANY_PAGE_JOBS_CLUSTER_EXPANSION&originToLandingJobPostings=3971552041%2C3977400351%2C3970520276%2C3949495281%2C3928159179%2C3965734577%2C3948064249%2C3933300760%2C3942736312
Viya Pharmaceuticals,https://www.linkedin.com/company/via-pharmaceuticals/jobs/,
Redesign Health,https://www.linkedin.com/company/redesign-health/jobs/,https://www.linkedin.com/jobs/search/?f_C=12609591&geoId=92000000&origin=COMPANY_PAGE_JOBS_CLUSTER_EXPANSION&originToLandingJobPostings=3939101758%2C3906256529%2C3911279502%2C3920528631%2C3954411828%2C3962440461%2C3943835261
Vilya Therapeutics,https://www.linkedin.com/company/vilyatx/jobs/,https://www.linkedin.com/jobs/search/?f_C=89853481&geoId=92000000&origin=COMPANY_PAGE_JOBS_CLUSTER_EXPANSION&originToLandingJobPostings=3949663347%2C3965818276
Delix Therapeutics,https://www.linkedin.com/company/delix-therapeutics/jobs/,
Atropos Health,https://www.linkedin.com/company/atropos-health/jobs/,https://www.linkedin.com/jobs/search/?f_C=69920461&geoId=92000000&origin=COMPANY_PAGE_JOBS_CLUSTER_EXPANSION&originToLandingJobPostings=3947625644%2C3974954823%2C3961644221%2C3966046165%2C3963504031%2C3961643569%2C3947180632%2C3933528112%2C3947627005
Catamaran Bio,https://www.linkedin.com/company/catamaran-bio/jobs/,
Voyager Therapeutics,https://www.linkedin.com/company/voyager-therapeutics-inc-/jobs/,https://www.linkedin.com/jobs/search/?f_C=5074064&geoId=92000000&origin=COMPANY_PAGE_JOBS_CLUSTER_EXPANSION&originToLandingJobPostings=3849878954%2C3972628829%2C3909002381%2C3849880720%2C3920374319
Traws Pharma,,
Vedere Bio,https://www.linkedin.com/company/vedere-bio/jobs/,
EQT Partners,https://www.linkedin.com/company/eqt-group//jobs/,https://www.linkedin.com/jobs/search/?f_C=508278&geoId=92000000&origin=COMPANY_PAGE_JOBS_CLUSTER_EXPANSION&originToLandingJobPostings=3965438782%2C3950694508%2C3950694507
RA Capital,https://www.linkedin.com/company/ra-capital-management-llc/jobs/,https://www.linkedin.com/jobs/search/?f_C=9214398&geoId=92000000&origin=COMPANY_PAGE_JOBS_CLUSTER_EXPANSION&originToLandingJobPostings=3960109132%2C3884978814%2C3659663652%2C3953828447%2C3956164038%2C3931669717%2C3963467593
Adheren,https://www.linkedin.com/company/the-company-called-adherence/jobs/,
Curium Life Forward,https://www.linkedin.com/company/curiumpharma/jobs/,https://www.linkedin.com/jobs/search/?f_C=16268747&geoId=92000000&origin=COMPANY_PAGE_JOBS_CLUSTER_EXPANSION&originToLandingJobPostings=3964390322%2C3951050723%2C3973316907%2C3964723329%2C3955564891%2C3956120628%2C3974900798%2C3952349915%2C3964387877
"Leal Therapeutics, Inc.",https://www.linkedin.com/company/leal-therapeutics/jobs/,
"Sirocco Therapeutics, Inc.",https://www.linkedin.com/company/sirocco-ab/jobs/,https://www.linkedin.com/jobs/search/?f_C=5027818&geoId=92000000&origin=COMPANY_PAGE_JOBS_CLUSTER_EXPANSION&originToLandingJobPostings=3972399096
"Frequency Therapeutics, Inc.",https://www.linkedin.com/company/frequency-therapeutics/jobs/,
RNA newco,https://www.linkedin.com/company/vc-backed-biotech-newco/jobs/,
Cedilla Therapeutics,https://www.linkedin.com/company/cedillatherapeutics/jobs/,
Bicycle Therapeutics,https://www.linkedin.com/company/bicycle-therapeutics/jobs/,https://www.linkedin.com/jobs/search/?f_C=10249115&geoId=92000000&origin=COMPANY_PAGE_JOBS_CLUSTER_EXPANSION&originToLandingJobPostings=3962826801%2C3958933222%2C3957712076%2C3957710656%2C3955341207%2C3964526101%2C3973324172%2C3970930414%2C3973205991
Light Horse Therapeutics,https://www.linkedin.com/company/light-horse-therapeutics/jobs/,https://www.linkedin.com/jobs/search/?f_C=99378937&geoId=92000000&origin=COMPANY_PAGE_JOBS_CLUSTER_EXPANSION&originToLandingJobPostings=3967733054%2C3938869902
Health Catalyst,https://www.linkedin.com/company/healthcatalyst/jobs/,https://www.linkedin.com/jobs/search/?f_C=2204309%2C6422772%2C975084&geoId=92000000&origin=COMPANY_PAGE_JOBS_CLUSTER_EXPANSION&originToLandingJobPostings=3964466370%2C3967440472%2C3967486959
Siduma Therapeutics,,
Gossamer Bio,https://www.linkedin.com/company/gossamer-bio/jobs/,https://www.linkedin.com/jobs/search/?f_C=28126819&geoId=92000000&origin=COMPANY_PAGE_JOBS_CLUSTER_EXPANSION&originToLandingJobPostings=3959384055%2C3959376978%2C3959378908%2C3967198779
SAI MedPartners LLC,https://www.linkedin.com/company/sai-medpartners-llc/jobs/,
Actinium Pharmaceuticals,https://www.linkedin.com/company/actinium-pharmaceuticals-inc-/jobs/,https://www.linkedin.com/jobs/search/?f_C=2833189&geoId=92000000&origin=COMPANY_PAGE_JOBS_CLUSTER_EXPANSION&originToLandingJobPostings=3962092285
OneStudyTeam (previously Reify Health),https://www.linkedin.com/company/onestudyteam/jobs/,https://www.linkedin.com/jobs/search/?f_C=82817007&geoId=92000000&origin=COMPANY_PAGE_JOBS_CLUSTER_EXPANSION&originToLandingJobPostings=3966154876%2C3966704163%2C3966700484%2C3966157472%2C3966154916%2C3966154915%2C3966156470%2C3924716694%2C3966699491
WaveBreak,https://www.linkedin.com/company/wavebreak/jobs/,
Vatica Health,https://www.linkedin.com/company/vatica-health/jobs/,https://www.linkedin.com/jobs/search/?f_C=9459397&geoId=92000000&origin=COMPANY_PAGE_JOBS_CLUSTER_EXPANSION&originToLandingJobPostings=3977050876%2C3977047304%2C3965974164%2C3977050177%2C3977050176%2C3977048972%2C3977041984%2C3977053568%2C3977056019
Foresite Labs,https://www.linkedin.com/company/foresitelabs/jobs/,
NDA Group,https://www.linkedin.com/company/nda-group-ab/jobs/,
Flame Biosciences,,
Recro Pharma,https://www.linkedin.com/company/recro-co/jobs/,https://www.linkedin.com/jobs/search/?f_C=11559182&geoId=92000000&origin=COMPANY_PAGE_JOBS_CLUSTER_EXPANSION&originToLandingJobPostings=3959201506%2C3959202569%2C3958936211
Chimeric Therapeutics,https://au.linkedin.com/company/chimeric-therapeutics/jobs/,
Coho Therapeutics,https://www.linkedin.com/company/joincoho/jobs/,
Larkspur Biosciences Inc.,https://www.linkedin.com/company/larkspurbio/jobs/,
Janux Therapeutics,https://www.linkedin.com/company/janux-therapeutics/jobs/,https://www.linkedin.com/jobs/search/?f_C=75881924&geoId=92000000&origin=COMPANY_PAGE_JOBS_CLUSTER_EXPANSION&originToLandingJobPostings=3952885293%2C3952236159%2C3958558112%2C3958451463%2C3952231795%2C3958553563%2C3952236154%2C3952230969
Blueprint Medicines,https://www.linkedin.com/company/blueprint-medicines/jobs/,https://www.linkedin.com/jobs/search/?f_C=2237668&geoId=92000000&origin=COMPANY_PAGE_JOBS_CLUSTER_EXPANSION&originToLandingJobPostings=3933107945%2C3932631575%2C3936197425%2C3948010135%2C3957907555%2C3947155674%2C3960363847%2C3916482414%2C3940009337
Surface Oncology,https://www.linkedin.com/company/surface-oncology/jobs/,
XinThera,,
Link Immunotherapeutics,https://www.linkedin.com/company/link-immunotherapeutics/jobs/,
HealthVerity,https://www.linkedin.com/company/healthverity/jobs/,https://www.linkedin.com/jobs/search/?f_C=3883189&geoId=92000000&origin=COMPANY_PAGE_JOBS_CLUSTER_EXPANSION&originToLandingJobPostings=3971519664%2C3967036207%2C3971257819%2C3973386686%2C3967030953%2C3961910138%2C3973899856%2C3967035258%2C3967029952
NextRNA Therapeutics,https://www.linkedin.com/company/nextrna-therapeutics/jobs/,https://www.linkedin.com/jobs/search/?f_C=71677790&geoId=92000000&origin=COMPANY_PAGE_JOBS_CLUSTER_EXPANSION&originToLandingJobPostings=3961094431%2C3959484153%2C3974936891%2C3953498368%2C3942355181%2C3942108374%2C3942096979%2C3971298330
Kiio Inc,https://www.linkedin.com/company/kiio/jobs/,
Aerium Therapeutics,https://www.linkedin.com/company/aerium-therapeutics/jobs/,
Storm Therapeutics,https://uk.linkedin.com/company/storm-therapeutics-limited/jobs/,https://www.linkedin.com/jobs/search/?f_C=11008006&geoId=92000000&origin=COMPANY_PAGE_JOBS_CLUSTER_EXPANSION&originToLandingJobPostings=3955611593
Neopharm Labs,https://ca.linkedin.com/company/neopharm-labs-inc-/jobs/,
Opus Genetics,https://www.linkedin.com/company/opus-genetics/jobs/,
Claris Biotherapeutics,https://www.linkedin.com/company/claris-bio/jobs/,
Compile,https://www.linkedin.com/company/compile-inc/jobs/,
Terremoto Biosciences,https://www.linkedin.com/company/terremoto-biosciences/jobs/,https://www.linkedin.com/jobs/search/?f_C=79516526&geoId=92000000&origin=COMPANY_PAGE_JOBS_CLUSTER_EXPANSION&originToLandingJobPostings=3880900269%2C3933375098%2C3933374404%2C3901875096%2C3972235400
Ciox Health,https://www.linkedin.com/company/datavant-ciox/jobs/,https://www.linkedin.com/jobs/search/?f_C=10504343&geoId=92000000&origin=COMPANY_PAGE_JOBS_CLUSTER_EXPANSION&originToLandingJobPostings=3975243940%2C3973090772%2C3971052772%2C3973088777%2C3960289669%2C3975246615%2C3975257623%2C3960268848%2C3944498867
Palleon Pharmaceuticals,https://www.linkedin.com/company/palleon-pharmaceuticals/jobs/,
AffyImmune Therapeutics,https://www.linkedin.com/company/affyimmune/jobs/,
Herophilus,https://www.linkedin.com/company/herophilus/jobs/,
Harvard Pilgrim Health Care,https://www.linkedin.com/company/harvard-pilgrim-health-care/jobs/,
Capstan Therapeutics,https://www.linkedin.com/company/capstan-therapeutics/jobs/,https://www.linkedin.com/jobs/search/?f_C=74048722&geoId=92000000&origin=COMPANY_PAGE_JOBS_CLUSTER_EXPANSION&originToLandingJobPostings=3971708653
Nura Bio,https://www.linkedin.com/company/nurabio/jobs/,
Celcuity,https://www.linkedin.com/company/celcuity/jobs/,
Datavant,https://www.linkedin.com/company/datavant/jobs/,https://www.linkedin.com/jobs/search/?f_C=25074192%2C10504343&geoId=92000000&origin=COMPANY_PAGE_JOBS_CLUSTER_EXPANSION&originToLandingJobPostings=3977065625%2C3963090455%2C3963092218%2C3973579993%2C3974356897%2C3975243940%2C3960523579%2C3977070055%2C3971519033
Graphite Bio,https://www.linkedin.com/company/graphitebio/jobs/,
1859 Inc,https://www.linkedin.com/company/1859ai/jobs/,
SPOROS Bioventures,https://www.linkedin.com/company/sporos-bioventures/jobs/,
Biolojic Design,https://il.linkedin.com/company/biolojic-design-ltd/jobs/,
TransUnion,https://www.linkedin.com/company/transunion/jobs/,https://www.linkedin.com/jobs/search/?f_C=4310%2C32446%2C9699106&geoId=92000000&origin=COMPANY_PAGE_JOBS_CLUSTER_EXPANSION&originToLandingJobPostings=3969863048%2C3939344430%2C3965183157%2C3957841328%2C3971148743%2C3969582069%2C3934709804%2C3892435190%2C3956704527
Sail Bio,https://www.linkedin.com/company/sail-biomedicines/jobs/,https://www.linkedin.com/jobs/search/?f_C=99568248&geoId=92000000&origin=COMPANY_PAGE_JOBS_CLUSTER_EXPANSION&originToLandingJobPostings=3944960447%2C3973038519%2C3944960446
AVEO Oncology,https://www.linkedin.com/company/aveo-oncology/jobs/,https://www.linkedin.com/jobs/search/?f_C=54167&geoId=92000000&origin=COMPANY_PAGE_JOBS_CLUSTER_EXPANSION&originToLandingJobPostings=3969224836
Carisma Therapeutics (formerly CARMA Therapeutics),https://www.linkedin.com/company/carisma-therapeutics/jobs/,
Olive Tree Capital,https://www.linkedin.com/company/olive-tree-capital/jobs/,
Aktis Oncology,https://www.linkedin.com/company/aktis-oncology/jobs/,https://www.linkedin.com/jobs/search/?f_C=72321225&geoId=92000000&origin=COMPANY_PAGE_JOBS_CLUSTER_EXPANSION&originToLandingJobPostings=3937671794%2C3937677833%2C3937667456%2C3973502467%2C3944522921
River Vision Development,https://www.linkedin.com/company/blue-river-vision/jobs/,
US Fertility,https://www.linkedin.com/company/usfertility/jobs/,https://www.linkedin.com/jobs/search/?f_C=68230271%2C56132135%2C4998666%2C969826&geoId=92000000&origin=COMPANY_PAGE_JOBS_CLUSTER_EXPANSION&originToLandingJobPostings=3947173229%2C3971845086%2C3972959657%2C3972964029%2C3952415870%2C3971803973%2C3970000514%2C3952627549%2C3919478409
"Sovereign Medical Services, Inc.",https://www.linkedin.com/company/sovereign-medical-services-inc./jobs/,
Graybug Vision,https://www.linkedin.com/company/graybug/jobs/,
Celegence,https://www.linkedin.com/company/celegence/jobs/,https://www.linkedin.com/jobs/search/?f_C=13602068&geoId=92000000&origin=COMPANY_PAGE_JOBS_CLUSTER_EXPANSION&originToLandingJobPostings=3971379066%2C3810194388
Affini-T Therapeutics Inc.,https://www.linkedin.com/company/affini-t-therapeutics/jobs/,https://www.linkedin.com/jobs/search/?f_C=74879337&geoId=92000000&origin=COMPANY_PAGE_JOBS_CLUSTER_EXPANSION&originToLandingJobPostings=3809941042%2C3818223039
Grant Avenue Capital,https://www.linkedin.com/company/grant-avenue-capital/jobs/,
Triumvira Immunologics,https://www.linkedin.com/company/triumvira-immunologics-inc/jobs/,
"Somerset Therapeutics, LLC",https://www.linkedin.com/company/somerset-therapeutics-llc/jobs/,
GentiBio,https://www.linkedin.com/company/gentibio/jobs/,
Spring Science,https://www.linkedin.com/company/spring-science/jobs/,
TherapyNotes,https://www.linkedin.com/company/therapynotes-llc/jobs/,https://www.linkedin.com/jobs/search/?f_C=1465863&geoId=92000000&origin=COMPANY_PAGE_JOBS_CLUSTER_EXPANSION&originToLandingJobPostings=3969998927%2C3970431430%2C3975242191%2C3973957295%2C3967147408%2C3973967521%2C3967147433
Zealand Pharma,https://www.linkedin.com/company/zealand-pharma/jobs/,https://www.linkedin.com/jobs/search/?f_C=28455&geoId=92000000&origin=COMPANY_PAGE_JOBS_CLUSTER_EXPANSION&originToLandingJobPostings=3962952236%2C3962903423%2C3971156745%2C3959356236%2C3959348826%2C3973944531%2C3973963816
Axcella Therapeutics,https://www.linkedin.com/company/axcella-tx/jobs/,
SK Biopharmaceuticals (Previously Proteovant),https://www.linkedin.com/company/sk-biopharmaceuticals/jobs/,https://www.linkedin.com/jobs/search/?f_C=13462250&geoId=92000000&origin=COMPANY_PAGE_JOBS_CLUSTER_EXPANSION&originToLandingJobPostings=3964460970%2C3972812643
Blade Therapeutics,https://www.linkedin.com/company/fly-blade/jobs/,https://www.linkedin.com/jobs/search/?f_C=4807476&geoId=92000000&origin=COMPANY_PAGE_JOBS_CLUSTER_EXPANSION&originToLandingJobPostings=3834703368%2C3867612217%2C3681076483%2C3668340785
Abide Therapeutics,https://www.linkedin.com/company/carpenters-code/jobs/,
Eidos Therapeutics,,
Verge Genomics,https://www.linkedin.com/company/verge-genomics/jobs/,https://www.linkedin.com/jobs/search/?f_C=10246298&geoId=92000000&origin=COMPANY_PAGE_JOBS_CLUSTER_EXPANSION&originToLandingJobPostings=3963082242
Protenus,https://www.linkedin.com/company/protenus/jobs/,https://www.linkedin.com/jobs/search/?f_C=3595688&geoId=92000000&origin=COMPANY_PAGE_JOBS_CLUSTER_EXPANSION&originToLandingJobPostings=3963471659%2C3963470834%2C3963468914%2C3972920091%2C3963473561
Arranta Bio,https://www.linkedin.com/company/arrantabio/jobs/,https://www.linkedin.com/jobs/search/?f_C=51631983&geoId=92000000&origin=COMPANY_PAGE_JOBS_CLUSTER_EXPANSION&originToLandingJobPostings=3957527851
MolecuLight,https://ca.linkedin.com/company/moleculight/jobs/,
Multiply Labs,https://www.linkedin.com/company/multiply-labs/jobs/,
Spotlight Therapeutics,https://www.linkedin.com/company/spotlighttx/jobs/,
Ascend Gene & Cell Therapies,https://www.linkedin.com/company/ascend-advanced-therapies/jobs/,https://www.linkedin.com/jobs/search/?f_C=83703009&geoId=92000000&origin=COMPANY_PAGE_JOBS_CLUSTER_EXPANSION&originToLandingJobPostings=3946699608%2C3946902366%2C3936894803%2C3910073095
Alector Pharmaceuticals,https://www.linkedin.com/company/alector/jobs/,https://www.linkedin.com/jobs/search/?f_C=12954251&geoId=92000000&origin=COMPANY_PAGE_JOBS_CLUSTER_EXPANSION&originToLandingJobPostings=3844452022%2C3959890946%2C3958178237%2C3943741678%2C3847947070%2C3906290492%2C3938971492%2C3973583686%2C3962406719
Technophar Equipment And Service,https://ca.linkedin.com/company/technophar-equipment-and-services/jobs/,
TRex Bio,https://www.linkedin.com/company/trexbio-inc/jobs/,
Asceneuron,https://www.linkedin.com/company/asceneuron-sa/jobs/,
Samsung Bioepis,https://www.linkedin.com/company/samsungbioepis//jobs/,
OptumInsight (Previously Ingenix),https://www.linkedin.com/company/optum/jobs/,https://www.linkedin.com/jobs/search/?f_C=3617422%2C137679%2C16172675%2C166346%2C75853&geoId=92000000&origin=COMPANY_PAGE_JOBS_CLUSTER_EXPANSION&originToLandingJobPostings=3967953417%2C3960929027%2C3965970648%2C3943636045%2C3946682778%2C3974954719%2C3972573884%2C3972574768%2C3944765868
Oncogen Pharma,https://pk.linkedin.com/company/oncogen-pharma-pakistan/jobs/,
"Pi Health USA, LLC",https://www.linkedin.com/company/pi-health-global/jobs/,
Outpace Bio,https://www.linkedin.com/company/outpace-bio/jobs/,
Skyhawk Therapeutics,https://www.linkedin.com/company/skyhawk-therapeutics/jobs/,https://www.linkedin.com/jobs/search/?f_C=18475292&geoId=92000000&origin=COMPANY_PAGE_JOBS_CLUSTER_EXPANSION&originToLandingJobPostings=3951454412%2C3970884317
"CANbridge Pharmaceuticals, Inc.",https://www.linkedin.com/company/canbridgepharma/jobs/,
Syncona,https://uk.linkedin.com/company/syncona-partners-llp/jobs/,
Hexagon Bio,https://www.linkedin.com/company/hexagon-bio/jobs/,https://www.linkedin.com/jobs/search/?f_C=18173401&geoId=92000000&origin=COMPANY_PAGE_JOBS_CLUSTER_EXPANSION&originToLandingJobPostings=3964762731%2C3952233957%2C3952245153%2C3915444633
Ayala,https://ph.linkedin.com/company/ayala-corporation/jobs/,
Piramal Pharma Inc,https://www.linkedin.com/company/piramal-pharma-solutions/jobs/,https://www.linkedin.com/jobs/search/?f_C=7574906%2C377801%2C83562997&geoId=92000000&origin=COMPANY_PAGE_JOBS_CLUSTER_EXPANSION&originToLandingJobPostings=3943013219%2C3945811485%2C3957893657%2C3959668192%2C3920634112%2C3959643569%2C3962938519%2C3945511493%2C3960245660
Fairmount Funds,https://www.linkedin.com/company/fairmount-funds-management-llc/jobs/,
"Tang Capital Management, LLC",https://www.linkedin.com/company/tang-capital-management/jobs/,
Potenza Therapeutics,https://www.linkedin.com/company/potenza-creative-llc/jobs/,
StratEvi,https://www.linkedin.com/company/stratevi/jobs/,
Silicon Therapeutics,,
Halda Therapeutics,https://www.linkedin.com/company/halda-therapeutics/jobs/,
Prilenia Therapeutics,https://www.linkedin.com/company/prilenia/jobs/,https://www.linkedin.com/jobs/search/?f_C=26568559&geoId=92000000&origin=COMPANY_PAGE_JOBS_CLUSTER_EXPANSION&originToLandingJobPostings=3968022031%2C3926404754%2C3973356679%2C3968018802%2C3973359363%2C3973360172%2C3973386673%2C3973389231%2C3966481849
"Vibliome Therapeutics, LLC",https://www.linkedin.com/company/vibliome-therapeutics-inc/jobs/,
Dianthus Therapeutics,https://www.linkedin.com/company/dianthus-therapeutics-inc/jobs/,https://www.linkedin.com/jobs/search/?f_C=79714545&geoId=92000000&origin=COMPANY_PAGE_JOBS_CLUSTER_EXPANSION&originToLandingJobPostings=3961557345%2C3965712569%2C3891924613%2C3958569383%2C3902750471%2C3958446914%2C3965090824%2C3935382204
QuantHealth,https://il.linkedin.com/company/quanthealthlabs/jobs/,https://www.linkedin.com/jobs/search/?f_C=76171509&geoId=92000000&origin=COMPANY_PAGE_JOBS_CLUSTER_EXPANSION&originToLandingJobPostings=3948587840%2C3945812351
Frontier Medicines Corporation,https://www.linkedin.com/company/frontier-medicines/jobs/,https://www.linkedin.com/jobs/search/?f_C=19213986&geoId=92000000&origin=COMPANY_PAGE_JOBS_CLUSTER_EXPANSION&originToLandingJobPostings=3964739633%2C3973705662%2C3972660385%2C3964737850%2C3968548131
Gyroscope Therapeutics,https://www.linkedin.com/company/gyroscope-labs/jobs/,
"Exo Therapeutics, Inc.",https://www.linkedin.com/company/exo-therapeutics/jobs/,
Vial,https://www.linkedin.com/company/vialtrials/jobs/,https://www.linkedin.com/jobs/search/?f_C=68921127&geoId=92000000&origin=COMPANY_PAGE_JOBS_CLUSTER_EXPANSION&originToLandingJobPostings=3971900526%2C3958139261%2C3956224985%2C3886065881%2C3947722728%2C3927536264%2C3959857341%2C3881146791%2C3881143925
NewLimit (Previously Longevity Newco),https://www.linkedin.com/company/newlimit/jobs/,https://www.linkedin.com/jobs/search/?f_C=80847881&geoId=92000000&origin=COMPANY_PAGE_JOBS_CLUSTER_EXPANSION&originToLandingJobPostings=3868341579%2C3931950070%2C3888953886%2C3972589995%2C3771908123%2C3771904357
X4 Pharmaceuticals Inc,https://www.linkedin.com/company/x4-pharmaceuticals/jobs/,https://www.linkedin.com/jobs/search/?f_C=15242021&geoId=92000000&origin=COMPANY_PAGE_JOBS_CLUSTER_EXPANSION&originToLandingJobPostings=3960943970%2C3956432308%2C3816172998%2C3973054199%2C3789254718%2C3965992986%2C3945850687%2C3973051515%2C3964602752
MPM Capital Inc,https://www.linkedin.com/company/mpm-capital/jobs/,https://www.linkedin.com/jobs/search/?f_C=37700&geoId=92000000&origin=COMPANY_PAGE_JOBS_CLUSTER_EXPANSION&originToLandingJobPostings=3977000185
Norwest Venture Partners,https://www.linkedin.com/company/norwest-venture-partners/jobs/,
"Pardes Biosciences, Inc.",,
H3 Biomedicine Inc.,,
PAI (Pharmaceutical Associates Inc),https://www.linkedin.com/company/paipharma/jobs/,https://www.linkedin.com/jobs/search/?f_C=9171685&geoId=92000000&origin=COMPANY_PAGE_JOBS_CLUSTER_EXPANSION&originToLandingJobPostings=3813269236%2C3809895683%2C3687378743%2C3959418276%2C3927297914%2C3961556452%2C3971246052%2C3934170552%2C3934170548
4D Molecular Therapeutics,https://www.linkedin.com/company/4d-molecular-therapeutics-llc/jobs/,https://www.linkedin.com/jobs/search/?f_C=3627510&geoId=92000000&origin=COMPANY_PAGE_JOBS_CLUSTER_EXPANSION&originToLandingJobPostings=3940974062%2C3952744663%2C3969214912%2C3951778135%2C3931829837%2C3944153966%2C3975253339%2C3970278454%2C3975664317
Tarsus Pharma,https://www.linkedin.com/company/tarsus-pharmaceuticals-inc/jobs/,https://www.linkedin.com/jobs/search/?f_C=18854998&geoId=92000000&origin=COMPANY_PAGE_JOBS_CLUSTER_EXPANSION&originToLandingJobPostings=3816495577%2C3943909795%2C3953478278%2C3943732808%2C3934795901%2C3941770521%2C3941700173%2C3951513364%2C3928967185
"NexImmune, Inc",https://www.linkedin.com/company/neximmune-inc./jobs/,
Simtra BioPharma Solutions,https://www.linkedin.com/company/simtra-biopharma-solutions/jobs/,https://www.linkedin.com/jobs/search/?f_C=29335510&geoId=92000000&origin=COMPANY_PAGE_JOBS_CLUSTER_EXPANSION&originToLandingJobPostings=3794697666%2C3961129262%2C3954519475%2C3860837128%2C3963307721%2C3909444375%2C3975634461%2C3971649113%2C3796390639
Institute for Clinical and Economic Review (ICER),https://www.linkedin.com/company/institute-for-clinical-and-economic-review/jobs/,
IVERIC bio,https://www.linkedin.com/company/ivericbio/jobs/,
Xilio Therapeutics,https://www.linkedin.com/company/xilio-tx/jobs/,https://www.linkedin.com/jobs/search/?f_C=11674842&geoId=92000000&origin=COMPANY_PAGE_JOBS_CLUSTER_EXPANSION&originToLandingJobPostings=3961341279%2C3943772658%2C3929121969%2C3915398009%2C3927166762
Logos Capital,https://www.linkedin.com/company/logos-capital/jobs/,
Cipla BioTec,https://in.linkedin.com/company/cipla/jobs/,
InSitro,https://www.linkedin.com/company/insitro/jobs/,https://www.linkedin.com/jobs/search/?f_C=18597009&geoId=92000000&origin=COMPANY_PAGE_JOBS_CLUSTER_EXPANSION&originToLandingJobPostings=3939769070%2C3902147328%2C3864603248%2C3963084464%2C3832943335%2C3826112054%2C3882067215%2C3913946873%2C3956390931
Fusion Pharmaceuticals,https://www.linkedin.com/company/fusion-pharmaceuticals/jobs/,https://www.linkedin.com/jobs/search/?f_C=10326025&geoId=92000000&origin=COMPANY_PAGE_JOBS_CLUSTER_EXPANSION&originToLandingJobPostings=3971869975%2C3965993384%2C3971463819%2C3959151007%2C3931836317%2C3959143968%2C3883457178%2C3975561742%2C3971680510
Shoreline Biosciences,https://www.linkedin.com/company/shoreline-biosciences-inc/jobs/,https://www.linkedin.com/jobs/search/?f_C=68901559&geoId=92000000&origin=COMPANY_PAGE_JOBS_CLUSTER_EXPANSION&originToLandingJobPostings=3972563829%2C3955454473
ORIC Pharmaceuticals,https://www.linkedin.com/company/oric-pharmaceuticals-inc/jobs/,https://www.linkedin.com/jobs/search/?f_C=19125739&geoId=92000000&origin=COMPANY_PAGE_JOBS_CLUSTER_EXPANSION&originToLandingJobPostings=3925424403%2C3948473494%2C3975423337%2C3974224074%2C3766473358
Immuneering,https://www.linkedin.com/company/immuneering-corporation/jobs/,
"ImmuneID, Inc.",https://www.linkedin.com/company/immuneid/jobs/,
SynOx Therapeutics Limited,https://ie.linkedin.com/company/synox-therapeutics/jobs/,
Clario,https://www.linkedin.com/company/clario-inc/jobs/,https://www.linkedin.com/jobs/search/?f_C=80410136%2C15619%2C309626&geoId=92000000&origin=COMPANY_PAGE_JOBS_CLUSTER_EXPANSION&originToLandingJobPostings=3938149517%2C3776782656%2C3967550716%2C3958365449%2C3957996701%2C3974334818%2C3920289415%2C3938150446%2C3965387761
Genesis Therapeutics,https://www.linkedin.com/company/genesistherapeutics/jobs/,https://www.linkedin.com/jobs/search/?f_C=19055514&geoId=92000000&origin=COMPANY_PAGE_JOBS_CLUSTER_EXPANSION&originToLandingJobPostings=3976615694%2C3921688860%2C3976616664%2C3938001632%2C3923621076%2C3976615693%2C3971524799%2C3923615522%2C3923614617
Patientory,https://www.linkedin.com/company/patientory/jobs/,
"NextCure, Inc",https://www.linkedin.com/company/nextcure-inc/jobs/,
Recursion Pharmaceuticals,https://www.linkedin.com/company/recursion-pharmaceuticals/jobs/,https://www.linkedin.com/jobs/search/?f_C=4990022&geoId=92000000&origin=COMPANY_PAGE_JOBS_CLUSTER_EXPANSION&originToLandingJobPostings=3851516853%2C3962462135%2C3933962814%2C3961363851%2C3961365303%2C3962463077%2C3962460435%2C3933967225%2C3852482465
Metera Pharmaceuticals Inc.,https://www.linkedin.com/company/metsera/jobs/,
Adare Pharmaceuticals,https://www.linkedin.com/company/adarepharmasolutions/jobs/,https://www.linkedin.com/jobs/search/?f_C=9444971&geoId=92000000&origin=COMPANY_PAGE_JOBS_CLUSTER_EXPANSION&originToLandingJobPostings=3963401434%2C3961562706%2C3965594306%2C3976864835%2C3970143596%2C3976866549%2C3965914947%2C3965915618%2C3935342715
Ribometrix,https://www.linkedin.com/company/ribometrix/jobs/,
Shield Diagnostics (Formerly TL Biolabs),https://www.linkedin.com/company/shields-health/jobs/,https://www.linkedin.com/jobs/search/?f_C=122811&geoId=92000000&origin=COMPANY_PAGE_JOBS_CLUSTER_EXPANSION&originToLandingJobPostings=3967680983%2C3959486738%2C3959490528%2C3959485814%2C3959492403%2C3960788097%2C3959489543%2C3959490531%2C3959485812
"TFF Pharmaceuticals, Inc.",https://www.linkedin.com/company/tff-pharmaceuticals-inc/jobs/,
Seven Bridges Genomics,https://www.linkedin.com/company/sevenbridges/jobs/,
"Holmusk Technologies, Inc.",https://sg.linkedin.com/company/holmusk/jobs/,
Minaris Regenerative Medicine,https://www.linkedin.com/company/minaris-regenerative-medicine/jobs/,https://www.linkedin.com/jobs/search/?f_C=68790540&geoId=92000000&origin=COMPANY_PAGE_JOBS_CLUSTER_EXPANSION&originToLandingJobPostings=3903066123%2C3941630051%2C3941625802%2C3941625803
Tenaya Therapeutics,https://www.linkedin.com/company/tenaya-therapeutics/jobs/,https://www.linkedin.com/jobs/search/?f_C=17883734&geoId=92000000&origin=COMPANY_PAGE_JOBS_CLUSTER_EXPANSION&originToLandingJobPostings=3965094583
Boston Pharmaceuticals,https://www.linkedin.com/company/boston-pharmaceuticals/jobs/,
BlueRock Therapeutics,https://www.linkedin.com/company/bluerocktx/jobs/,https://www.linkedin.com/jobs/search/?f_C=16175275&geoId=92000000&origin=COMPANY_PAGE_JOBS_CLUSTER_EXPANSION&originToLandingJobPostings=3835627502%2C3956075252%2C3948135674%2C3952242896%2C3939103114%2C3896625055%2C3903363210%2C3966483942%2C3970061473
Autolus Therapeutics,https://uk.linkedin.com/company/autolus-ltd-/jobs/,
Aligos Therapeutics,https://be.linkedin.com/company/aligos-therapeutics/jobs/,
Disc Medicine,https://www.linkedin.com/company/disc-medicine/jobs/,https://www.linkedin.com/jobs/search/?f_C=51713247&geoId=92000000&origin=COMPANY_PAGE_JOBS_CLUSTER_EXPANSION&originToLandingJobPostings=3976904516%2C3976908372
Daionus,https://uk.linkedin.com/company/daioni-organic/jobs/,
Switch Therapeutics,https://www.linkedin.com/company/switch-therapeutics/jobs/,
Iambic Therapeutics,https://www.linkedin.com/company/iambic-ai/jobs/,https://www.linkedin.com/jobs/search/?f_C=42688105&geoId=92000000&origin=COMPANY_PAGE_JOBS_CLUSTER_EXPANSION&originToLandingJobPostings=3864582729%2C3852161588%2C3958832911%2C3961906949%2C3973366543%2C3973368150%2C3852161742
"Neurvati Neurosciences, Inc.",https://www.linkedin.com/company/neurvati-neurosciences/jobs/,
Eloxx Pharmaceuticals,https://www.linkedin.com/company/eloxx-pharmaceuticals/jobs/,
OrthoFi Inc.,https://www.linkedin.com/company/orthofi/jobs/,
Celmatix Inc.,https://www.linkedin.com/company/celmatix/jobs/,
GSK,https://www.linkedin.com/company/gsk/jobs/,https://www.linkedin.com/jobs/search/?f_C=1399%2C612511%2C1028281&geoId=92000000&origin=COMPANY_PAGE_JOBS_CLUSTER_EXPANSION&originToLandingJobPostings=3908602778%2C3908606149%2C3969331782%2C3973581989%2C3941962121%2C3918973815%2C3908699956%2C3973583875%2C3918161606
IN8bio,https://www.linkedin.com/company/in8bio/jobs/,
CoA,https://www.linkedin.com/company/joincoa/jobs/,
KKR,https://www.linkedin.com/company/kkr/jobs/,https://www.linkedin.com/jobs/search/?f_C=15787&geoId=92000000&origin=COMPANY_PAGE_JOBS_CLUSTER_EXPANSION&originToLandingJobPostings=3960928478%2C3973323314%2C3973305524%2C3947278814%2C3952843259%2C3951055581%2C3943859303%2C3452266006%2C3919682987
Sparrow Pharmaceuticals,https://www.linkedin.com/company/sparrowpharma/jobs/,
Avectas,https://www.linkedin.com/company/avectas/jobs/,
Engine Biosciences,https://www.linkedin.com/company/engine-biosciences/jobs/,
CoreTrust,https://www.linkedin.com/company/coretrust-purchasing-group/jobs/,https://www.linkedin.com/jobs/search/?f_C=1836151&geoId=92000000&origin=COMPANY_PAGE_JOBS_CLUSTER_EXPANSION&originToLandingJobPostings=3974306894%2C3974378655%2C3972079384%2C3929067310%2C3971561382%2C3971534877%2C3971539426%2C3970330995%2C3806315557
Unnatural Products,https://www.linkedin.com/company/unnatural-products/jobs/,https://www.linkedin.com/jobs/search/?f_C=18650536&geoId=92000000&origin=COMPANY_PAGE_JOBS_CLUSTER_EXPANSION&originToLandingJobPostings=3959040781
Southeast Primary Care Partners,https://www.linkedin.com/company/southeastpcp/jobs/,https://www.linkedin.com/jobs/search/?f_C=71979489&geoId=92000000&origin=COMPANY_PAGE_JOBS_CLUSTER_EXPANSION&originToLandingJobPostings=3960662153%2C3960659288%2C3960659290%2C3835868876%2C3945919716%2C3960660239%2C3772982455%2C3977068797
Volastra Therapeutics,https://www.linkedin.com/company/volastra-therapeutics/jobs/,https://www.linkedin.com/jobs/search/?f_C=70099836&geoId=92000000&origin=COMPANY_PAGE_JOBS_CLUSTER_EXPANSION&originToLandingJobPostings=3956420615%2C3977084827
TenSixteen Bio,https://www.linkedin.com/company/tensixteenbio/jobs/,
Stellate Therapeutics,https://www.linkedin.com/company/stellatehq/jobs/,
Magenta Therapeutics,https://www.linkedin.com/company/magenta-therapeutics/jobs/,
Pliant Therapeutics,https://www.linkedin.com/company/pliant-therapeutics/jobs/,https://www.linkedin.com/jobs/search/?f_C=7606914&geoId=92000000&origin=COMPANY_PAGE_JOBS_CLUSTER_EXPANSION&originToLandingJobPostings=3936800909%2C3936879788%2C3977550980%2C3977552852%2C3926636447%2C3923129618%2C3919338971%2C3977552863%2C3926639011
"GSMS, Inc.",https://www.linkedin.com/company/gsms-incorporated/jobs/,https://www.linkedin.com/jobs/search/?f_C=956634&geoId=92000000&origin=COMPANY_PAGE_JOBS_CLUSTER_EXPANSION&originToLandingJobPostings=3914884394%2C3939142302
Second Genome,https://www.linkedin.com/company/second-genome-inc-/jobs/,
Affinivax,https://www.linkedin.com/company/affinivax-inc./jobs/,
NightstaRx,https://www.linkedin.com/company/nightstar-partners/jobs/,
Carbon Biosciences,https://www.linkedin.com/company/carbonbiosciences/jobs/,
Sionna Therapeutics,https://www.linkedin.com/company/sionna-therapeutics/jobs/,
Vigene Biosciences,,
Q32 Bio Inc.,https://www.linkedin.com/company/q32-bio-inc/jobs/,https://www.linkedin.com/jobs/search/?f_C=65828665&geoId=92000000&origin=COMPANY_PAGE_JOBS_CLUSTER_EXPANSION&originToLandingJobPostings=3947999462
Aadi Bioscience,https://www.linkedin.com/company/aadi-bioscience-inc/jobs/,
Scorpion Therapeutics,https://www.linkedin.com/company/scorpiontherapeutics/jobs/,https://www.linkedin.com/jobs/search/?f_C=68478196&geoId=92000000&origin=COMPANY_PAGE_JOBS_CLUSTER_EXPANSION&originToLandingJobPostings=3958787531%2C3920016981%2C3973729733%2C3947596644%2C3960639997%2C3960645056%2C3971910811%2C3883403454%2C3973727934
Lyric,https://www.linkedin.com/company/lyrichospitality/jobs/,
Andreessen Horowitz,https://www.linkedin.com/company/a16z/jobs/,https://www.linkedin.com/jobs/search/?f_C=439909&geoId=92000000&origin=COMPANY_PAGE_JOBS_CLUSTER_EXPANSION&originToLandingJobPostings=3965747094%2C3938796095%2C3956162522%2C3943769786%2C3939101426%2C3917123036%2C3956168071%2C3977407558%2C3939790984
Curve Health,https://www.linkedin.com/company/curvehealth/jobs/,
Allogene Therapeutics,https://www.linkedin.com/company/allogene-therapeutics/jobs/,https://www.linkedin.com/jobs/search/?f_C=11552592&geoId=92000000&origin=COMPANY_PAGE_JOBS_CLUSTER_EXPANSION&originToLandingJobPostings=3901957828%2C3947522449%2C3903499774%2C3862451338%2C3947521520%2C3967428948%2C3967474443%2C3941907158%2C3932390518
Jumo Health,https://www.linkedin.com/company/jumohealth/jobs/,
Charm Therapeutics,https://uk.linkedin.com/company/charm-therapeutics/jobs/,
Silvergate Pharmaceuticals Inc,https://www.linkedin.com/company/silvergate-bank/jobs/,
Eleusis Holdings Ltd,https://www.linkedin.com/company/eleusisl/jobs/,
Evommune,https://www.linkedin.com/company/evommune/jobs/,https://www.linkedin.com/jobs/search/?f_C=66720567&geoId=92000000&origin=COMPANY_PAGE_JOBS_CLUSTER_EXPANSION&originToLandingJobPostings=3909164772
"BeiGene USA, Inc.",https://www.linkedin.com/company/beigene/jobs/,https://www.linkedin.com/jobs/search/?f_C=1337177&geoId=92000000&origin=COMPANY_PAGE_JOBS_CLUSTER_EXPANSION&originToLandingJobPostings=3942083639%2C3967382715%2C3967384482%2C3967378992%2C3967384480%2C3967385001%2C3910386153%2C3962895532%2C3967378993
Avista Pharma,https://www.linkedin.com/company/avista-pharma-solutions/jobs/,
"Welsh, Carson, Anderson & Stowe",https://www.linkedin.com/company/welsh-carson-anderson-&-stowe/jobs/,
"Outlook Therapeutics, Inc.",https://www.linkedin.com/company/outlook-therapeutics/jobs/,
GigaCyte,https://www.linkedin.com/company/gigabyte//jobs/,
Generation Bio,https://www.linkedin.com/company/generationbio/jobs/,https://www.linkedin.com/jobs/search/?f_C=11405044&geoId=92000000&origin=COMPANY_PAGE_JOBS_CLUSTER_EXPANSION&originToLandingJobPostings=3963085106%2C3945299906%2C3911919100%2C3946347982
Nine Square Therapeutics,https://www.linkedin.com/company/nine-square-therapeutics/jobs/,
Inception Therapeutics,https://www.linkedin.com/company/inception-therapeutics/jobs/,
conversationHEALTH (Real Chemistry company),https://ca.linkedin.com/company/conversationhealth/jobs/,
Kestrel Therapeutics,https://www.linkedin.com/company/kestreltherapeutics/jobs/,
Atomwise,https://www.linkedin.com/company/atomwise/jobs/,
Linus Health,https://www.linkedin.com/company/linus-health/jobs/,
Lorentz Bio,https://ph.linkedin.com/company/lorentz-bio?trk=public_profile_experience-item_profile-section-card_image-click/jobs/,
Hydrogen Health,https://www.linkedin.com/company/hydrogenhealth/jobs/,
"Rectify Pharmaceuticals, Inc.",https://www.linkedin.com/company/rectify-pharma/jobs/,
Inspirna,https://www.linkedin.com/company/inspirna/jobs/,
Curie Bio,https://www.linkedin.com/company/curie-bio/jobs/,https://www.linkedin.com/jobs/search/?f_C=83286697&geoId=92000000&origin=COMPANY_PAGE_JOBS_CLUSTER_EXPANSION&originToLandingJobPostings=3873124913%2C3700079650%2C3729328438%2C3919021278%2C3972932376%2C3778884323%2C3956157590
Tagworks Pharmaceuticals,https://nl.linkedin.com/company/tagworks-pharmaceuticals/jobs/,
Analytical Technologies Group,https://www.linkedin.com/company/analytical-technologies-group/jobs/,
Field Trip Health LTD,https://www.linkedin.com/company/fieldtriphealth/jobs/,
Innovaccer,https://www.linkedin.com/company/innovaccer/jobs/,https://www.linkedin.com/jobs/search/?f_C=2414538&geoId=92000000&origin=COMPANY_PAGE_JOBS_CLUSTER_EXPANSION&originToLandingJobPostings=3954261234%2C3954266574%2C3965419900%2C3969078150%2C3967723460%2C3963792041%2C3959553151%2C3970667658%2C3952540179
LB Pharmaceuticals,https://www.linkedin.com/company/lb-pharmaceuticals-inc./jobs/,
iNeuro Therapeutics,https://www.linkedin.com/company/ineuro-therapeutics-inc/jobs/,
Ribon Therapeutics Inc,https://www.linkedin.com/company/ribon-therapeutics/jobs/,
Catalyx,https://www.linkedin.com/company/catalyx-innovation-consultancy/jobs/,https://www.linkedin.com/jobs/search/?f_C=2783735&geoId=92000000&origin=COMPANY_PAGE_JOBS_CLUSTER_EXPANSION&originToLandingJobPostings=3970876393%2C3970895007
"Kronos Bio, Inc.",https://www.linkedin.com/company/kronos-bio-inc/jobs/,
"Nalo Therapeutics, Inc.",https://www.linkedin.com/company/nalo-therapeutics-inc/jobs/,
Camp4 Therapeutics,https://www.linkedin.com/company/camp4-therapeutics/jobs/,https://www.linkedin.com/jobs/search/?f_C=18609455&geoId=92000000&origin=COMPANY_PAGE_JOBS_CLUSTER_EXPANSION&originToLandingJobPostings=3935382782
ArsenalBio,https://www.linkedin.com/company/arsenalbio/jobs/,https://www.linkedin.com/jobs/search/?f_C=28855345&geoId=92000000&origin=COMPANY_PAGE_JOBS_CLUSTER_EXPANSION&originToLandingJobPostings=3222926122%2C3817920417%2C3891497886%2C3944140462%2C3892171220%2C3943636526%2C3973477507%2C3971689314%2C3809880844
Institute for Protein Innovation,https://www.linkedin.com/company/ipiproteins/jobs/,https://www.linkedin.com/jobs/search/?f_C=11120711&geoId=92000000&origin=COMPANY_PAGE_JOBS_CLUSTER_EXPANSION&originToLandingJobPostings=3944400423
Mitobridge,,
Enara Bio,https://uk.linkedin.com/company/enarabio/jobs/,
Numab Therapeutics,https://ch.linkedin.com/company/numab-ag/jobs/,
Landmark Bio.,https://www.linkedin.com/company/landmarkbio/jobs/,https://www.linkedin.com/jobs/search/?f_C=74984989&geoId=92000000&origin=COMPANY_PAGE_JOBS_CLUSTER_EXPANSION&originToLandingJobPostings=3959817924%2C3960503843%2C3937086177%2C3941028597%2C3968882885%2C3940031572%2C3944510537%2C3938024997
Mission Barns,https://www.linkedin.com/company/missionbarns/jobs/,https://www.linkedin.com/jobs/search/?f_C=18590449&geoId=92000000&origin=COMPANY_PAGE_JOBS_CLUSTER_EXPANSION&originToLandingJobPostings=3937350086%2C3937350088
"Zentalis Pharmaceuticals, Inc.",https://www.linkedin.com/company/zentalis-pharmaceuticals/jobs/,https://www.linkedin.com/jobs/search/?f_C=31462367&geoId=92000000&origin=COMPANY_PAGE_JOBS_CLUSTER_EXPANSION&originToLandingJobPostings=3956331616
Century Therapeutics,https://www.linkedin.com/company/centurytx/jobs/,https://www.linkedin.com/jobs/search/?f_C=35527232&geoId=92000000&origin=COMPANY_PAGE_JOBS_CLUSTER_EXPANSION&originToLandingJobPostings=3906864859%2C3938853874%2C3923153534
Translate Bio (Previously RaNA Therapeutics),https://www.linkedin.com/company/rana-therapeutics/jobs/,
Libra Therapeutics,https://www.linkedin.com/company/libra-therapeutics/jobs/,
Zura Bio Ltd,https://www.linkedin.com/company/zura-bio-limited/jobs/,
Nuevocor,https://www.linkedin.com/company/nuevocor/jobs/,
Excision BioTherapeutics,https://www.linkedin.com/company/excisionbiotherapeutics/jobs/,
"Reactive Therapeutics (Formerly Boragen, Inc.)",https://www.linkedin.com/company/boragen/jobs/,
"Moleculin Biotech, Inc.",https://www.linkedin.com/company/moleculin-llc/jobs/,
Healthcare Consultancy Group (HCG),https://www.linkedin.com/company/healthcare-consultancy-group-an-omnicom-company-/jobs/,https://www.linkedin.com/jobs/search/?f_C=1154604%2C1278698%2C877012%2C219588%2C1684857%2C11058676%2C77050225&geoId=92000000&origin=COMPANY_PAGE_JOBS_CLUSTER_EXPANSION&originToLandingJobPostings=3914804593%2C3973968388%2C3941765943%2C3914808092%2C3947189259%2C3941596325%2C3973366042%2C3941596323%2C3939635062
"Tectonic Therapeutics, Inc.",https://www.linkedin.com/company/tectonictx/jobs/,
